{
    "Items": [
        {
            "Position": {
                "x": 0.0,
                "y": 0.30000001192092898,
                "z": 0.0
            },
            "Building": {
                "instanceID": 31816
            },
            "Tile": {
                "instanceID": 0
            }
        },
        {
            "Position": {
                "x": -0.8660253882408142,
                "y": 0.30000001192092898,
                "z": -1.5
            },
            "Building": {
                "instanceID": 31816
            },
            "Tile": {
                "instanceID": 0
            }
        }
    ]
}